time,ret_1,ema_20,ema_50,rsi_14,atr_14,atrp_14,adx_14,vwap,vwap_dist_pct,vol_z_20
2026-01-26T15:55:00-05:00,-0.0003945491517193256,494.3052902916356,493.9550680520275,40.1129943502824,0.17178571428570422,0.03477162057438754,30.514351012249094,494.08187521230974,-0.008475358925426122,3.8530559053276585
