time,ret_1,ema_20,ema_50,rsi_14,atr_14,atrp_14,adx_14,vwap,vwap_dist_pct,vol_z_20
2026-01-26T15:55:00-05:00,0.005698005698005604,1.7629299507745102,1.793877870030423,38.09523809523808,0.02428571428571426,1.3759611493322528,40.99056803324295,1.7967451418569942,-1.7668138411764205,3.408370941646637
