time,ret_1,ema_20,ema_50,rsi_14,atr_14,atrp_14,adx_14,vwap,vwap_dist_pct,vol_z_20
2026-01-26T15:59:00-05:00,0.0035460992907803135,2.8226418181903234,2.822788405892946,40.000000000000355,0.0075000000000001255,0.2650176678445274,30.667656582025366,2.820878835665944,0.323344775349161,-0.4576077524394114
