time,ret_1,ema_20,ema_50,rsi_14,atr_14,atrp_14,adx_14,vwap,vwap_dist_pct,vol_z_20
2026-01-26T15:55:00-05:00,-0.0023769907297361836,21.117866553180434,21.32599977478101,38.88888888888873,0.07821428571428564,0.37271520473807784,57.75710711249553,21.214122404875724,-1.0800465864336872,3.7011184715306693
