time,ret_1,ema_20,ema_50,rsi_14,atr_14,atrp_14,adx_14,vwap,vwap_dist_pct,vol_z_20
2026-01-26T15:55:00-05:00,0.002079963022879605,43.526466950442725,44.20678352349495,38.1176470588235,0.2621428571428578,0.604573010015816,70.02899191534722,43.73368577103568,-0.8544575295850535,2.035613616282491
