time,ret_1,ema_20,ema_50,rsi_14,atr_14,atrp_14,adx_14,vwap,vwap_dist_pct,vol_z_20
2026-01-29T10:55:00-05:00,0.0015339233038347277,nan,nan,nan,nan,nan,nan,42.45765387022228,-0.041579947578460945,nan
