time,ret_1,ema_20,ema_50,rsi_14,atr_14,atrp_14,adx_14,vwap,vwap_dist_pct,vol_z_20
2026-01-26T15:55:00-05:00,0.00793433652530795,18.288114237482482,18.416083359590935,56.329113924050674,0.08071428571428564,0.4381883046378156,35.426929356907316,18.34846037214552,0.38989444565650827,3.226646411253211
