time,ret_1,ema_20,ema_50,rsi_14,atr_14,atrp_14,adx_14,vwap,vwap_dist_pct,vol_z_20
2026-01-26T15:59:00-05:00,-0.0016958733747880483,9.074505271135997,9.153696939393557,nan,nan,nan,nan,9.034002211166392,-2.25815985426965,nan
