time,ret_1,ema_20,ema_50,rsi_14,atr_14,atrp_14,adx_14,vwap,vwap_dist_pct,vol_z_20
2026-01-26T16:17:00-05:00,-0.004405286343612258,12.557065858730763,12.750567203575534,44.95412844036698,0.0671428571428566,0.5401677968049606,56.881883434178164,12.713510030142395,-2.229990218831955,-1.5515239436784056
