time,ret_1,ema_20,ema_50,rsi_14,atr_14,atrp_14,adx_14,vwap,vwap_dist_pct,vol_z_20
2026-01-26T15:55:00-05:00,-0.004016064257028051,37.05006610740985,37.01680438331011,nan,nan,nan,nan,37.106380096839956,0.2523013641204508,nan
