time,ret_1,ema_20,ema_50,rsi_14,atr_14,atrp_14,adx_14,vwap,vwap_dist_pct,vol_z_20
2026-01-26T15:55:00-05:00,0.0014104372355430161,7.097720465013705,7.098335523897906,55.55555555555545,0.0071428571428571175,0.10060362173038194,25.79008199289439,7.094254611811499,0.08098649545133736,0.04347778458034358
