time,ret_1,ema_20,ema_50,rsi_14,atr_14,atrp_14,adx_14,vwap,vwap_dist_pct,vol_z_20
2026-01-26T15:55:00-05:00,-0.007633587786259555,5.915831806858235,5.936913932665112,24.24242424242398,0.01571428571428557,0.26862026862026617,26.72126505788618,5.923433811201706,-1.2397169199871347,3.5557253022172595
