time,ret_1,ema_20,ema_50,rsi_14,atr_14,atrp_14,adx_14,vwap,vwap_dist_pct,vol_z_20
2026-01-26T15:55:00-05:00,0.007506255212677226,24.051224367846334,24.218837869627198,48.3870967741935,0.08678571428571454,0.3592123935666992,nan,24.060085153406135,0.4152722068804506,2.921647239685391
