time,ret_1,ema_20,ema_50,rsi_14,atr_14,atrp_14,adx_14,vwap,vwap_dist_pct,vol_z_20
2026-01-26T15:53:00-05:00,-0.000847314014573719,118.18712546449542,118.29869369541179,26.666666666666842,0.07749999999999956,0.06572252374491143,nan,118.19285374511892,-0.23085468915686516,nan
