time,ret_1,ema_20,ema_50,rsi_14,atr_14,atrp_14,adx_14,vwap,vwap_dist_pct,vol_z_20
2026-01-26T15:55:00-05:00,0.005310551835603805,21.728639808029893,21.941504600058742,42.528735632183974,0.10178571428571408,0.46755036419712487,57.98722182795897,21.882390953802584,-0.513613681612129,3.0155446925545926
