time,ret_1,ema_20,ema_50,rsi_14,atr_14,atrp_14,adx_14,vwap,vwap_dist_pct,vol_z_20
2026-01-26T15:55:00-05:00,-0.0020283975659228792,9.89944553609114,9.94949787182305,16.666666666666345,0.02499999999999972,0.2540650406504037,64.696565750569,9.923644619350856,-0.8428820514970028,2.6130877062839817
