time,ret_1,ema_20,ema_50,rsi_14,atr_14,atrp_14,adx_14,vwap,vwap_dist_pct,vol_z_20
2026-01-26T15:55:00-05:00,-0.00012195865601571931,82.27103680737393,82.48946812422717,21.982758620689324,0.15678571428571583,0.19123707298373585,39.95710931004364,82.31755831809676,-0.4039943906155055,0.7711154080095949
