time,ret_1,ema_20,ema_50,rsi_14,atr_14,atrp_14,adx_14,vwap,vwap_dist_pct,vol_z_20
2026-01-26T15:55:00-05:00,-0.0006092607636069003,49.19726590840535,49.16291657550714,53.24675324675308,0.05535714285714225,0.11249165384503608,27.543707153731656,49.1696536393499,0.08205540951341796,3.299990179924191
