time,ret_1,ema_20,ema_50,rsi_14,atr_14,atrp_14,adx_14,vwap,vwap_dist_pct,vol_z_20
2026-01-26T15:55:00-05:00,-0.0007269968707526164,158.15342074752448,158.11256660180786,46.357615894038986,0.08999999999999732,0.056936800151829774,24.519041744195807,158.12634605252214,-0.035633563873934654,3.8479006256921275
