time,ret_1,ema_20,ema_50,rsi_14,atr_14,atrp_14,adx_14,vwap,vwap_dist_pct,vol_z_20
2026-01-26T14:00:00-05:00,0.0011546408459264246,nan,nan,nan,nan,nan,nan,493.8048527238286,0.08609621266909143,nan
