time,ret_1,ema_20,ema_50,rsi_14,atr_14,atrp_14,adx_14,vwap,vwap_dist_pct,vol_z_20
2026-01-26T14:00:00-05:00,0.0004070832485243425,nan,nan,nan,nan,nan,nan,49.127025462126845,0.046765578939570084,nan
