time,ret_1,ema_20,ema_50,rsi_14,atr_14,atrp_14,adx_14,vwap,vwap_dist_pct,vol_z_20
2026-01-27T15:30:00-05:00,0.0035874439461884844,nan,nan,nan,nan,nan,nan,111.31900155983284,0.5219220726255646,nan
