time,ret_1,ema_20,ema_50,rsi_14,atr_14,atrp_14,adx_14,vwap,vwap_dist_pct,vol_z_20
2026-01-28T11:43:00-05:00,-0.0026645768025077565,nan,nan,nan,nan,nan,nan,63.777857142857144,-0.23183146860195308,nan
