time,ret_1,ema_20,ema_50,rsi_14,atr_14,atrp_14,adx_14,vwap,vwap_dist_pct,vol_z_20
2026-01-26T15:45:00-05:00,-0.000849411479189377,493.9259313066445,493.6252243062156,nan,nan,nan,nan,494.07987738819884,-0.008071040741350817,nan
