time,ret_1,ema_20,ema_50,rsi_14,atr_14,atrp_14,adx_14,vwap,vwap_dist_pct,vol_z_20
2026-01-26T15:45:00-05:00,0.014367816091954033,1.8010236700091344,1.821586385272938,nan,nan,nan,nan,1.7949305756323204,-1.6675060327487323,nan
