time,ret_1,ema_20,ema_50,rsi_14,atr_14,atrp_14,adx_14,vwap,vwap_dist_pct,vol_z_20
2026-01-26T15:46:00-05:00,0.0035460992907803135,2.8181717932867,2.8139879444359734,nan,nan,nan,nan,2.8218733162494254,0.2879889647695426,nan
