time,ret_1,ema_20,ema_50,rsi_14,atr_14,atrp_14,adx_14,vwap,vwap_dist_pct,vol_z_20
2026-01-26T15:45:00-05:00,-0.0026140684410645987,21.31373024197094,21.465135165661827,nan,nan,nan,nan,21.212018754719484,-1.0702364416351215,nan
