time,ret_1,ema_20,ema_50,rsi_14,atr_14,atrp_14,adx_14,vwap,vwap_dist_pct,vol_z_20
2026-01-26T15:45:00-05:00,0.008372093023255811,44.282341916476156,44.83343386321951,nan,nan,nan,nan,43.7137672623766,-0.8092811133234883,nan
