time,ret_1,ema_20,ema_50,rsi_14,atr_14,atrp_14,adx_14,vwap,vwap_dist_pct,vol_z_20
2026-01-26T16:15:00-05:00,-0.024193548387096753,1.2484022903012755,1.2248613576730174,52.0408163265306,0.05285714285714289,4.368358913813462,nan,1.2845013463900015,-5.800020887434814,nan
