time,ret_1,ema_20,ema_50,rsi_14,atr_14,atrp_14,adx_14,vwap,vwap_dist_pct,vol_z_20
2026-01-26T15:45:00-05:00,0.015995587424159075,18.437599052966853,18.53375068646277,nan,nan,nan,nan,18.356567944495453,0.3455550933940805,nan
