time,ret_1,ema_20,ema_50,rsi_14,atr_14,atrp_14,adx_14,vwap,vwap_dist_pct,vol_z_20
2026-01-26T15:46:00-05:00,0.0,7.09428429507743,7.091869015719455,nan,nan,nan,nan,7.0928940301758585,0.10018435061781054,nan
