time,ret_1,ema_20,ema_50,rsi_14,atr_14,atrp_14,adx_14,vwap,vwap_dist_pct,vol_z_20
2026-01-26T15:45:00-05:00,-0.013490725126475533,5.940388983697762,5.962500998094611,nan,nan,nan,nan,5.922572183846065,-1.2253490813334054,nan
