time,ret_1,ema_20,ema_50,rsi_14,atr_14,atrp_14,adx_14,vwap,vwap_dist_pct,vol_z_20
2026-01-26T15:45:00-05:00,0.009822361546499403,24.218966171712328,24.345805363566456,nan,nan,nan,nan,24.08271494193101,0.32091505569593526,nan
