time,ret_1,ema_20,ema_50,rsi_14,atr_14,atrp_14,adx_14,vwap,vwap_dist_pct,vol_z_20
2026-01-26T15:45:00-05:00,0.001899134838573513,24.011963664719495,24.195256161246867,nan,nan,nan,nan,23.82181249133443,-0.34343520823275997,nan
