time,ret_1,ema_20,ema_50,rsi_14,atr_14,atrp_14,adx_14,vwap,vwap_dist_pct,vol_z_20
2026-01-26T15:53:00-05:00,-0.000847314014573719,118.20712472432533,118.31285742705894,nan,nan,nan,nan,118.1926226482073,-0.23065961487185777,nan
