time,ret_1,ema_20,ema_50,rsi_14,atr_14,atrp_14,adx_14,vwap,vwap_dist_pct,vol_z_20
2026-01-26T15:45:00-05:00,0.008804448563484835,21.980988331489613,22.154740249925084,nan,nan,nan,nan,21.885456486957708,-0.5275489091420708,nan
