time,ret_1,ema_20,ema_50,rsi_14,atr_14,atrp_14,adx_14,vwap,vwap_dist_pct,vol_z_20
2026-01-26T15:45:00-05:00,0.0,9.954250112331845,9.993193805522862,nan,nan,nan,nan,9.923309406842353,-0.8395324929091665,nan
