time,ret_1,ema_20,ema_50,rsi_14,atr_14,atrp_14,adx_14,vwap,vwap_dist_pct,vol_z_20
2026-01-27T15:33:00-05:00,-0.023809523809523836,nan,nan,nan,nan,nan,nan,1.2514124617737001,-1.7110634924756156,nan
