time,ret_1,ema_20,ema_50,rsi_14,atr_14,atrp_14,adx_14,vwap,vwap_dist_pct,vol_z_20
2026-01-26T15:45:00-05:00,-0.0012182493756470736,82.48845905645663,82.65454273396314,nan,nan,nan,nan,82.2919847759893,-0.37304334902720293,nan
