time,ret_1,ema_20,ema_50,rsi_14,atr_14,atrp_14,adx_14,vwap,vwap_dist_pct,vol_z_20
2026-01-27T15:30:00-05:00,-6.249023590076952e-05,nan,nan,nan,nan,nan,nan,640.1954421423538,-0.02115637404425292,nan
