time,ret_1,ema_20,ema_50,rsi_14,atr_14,atrp_14,adx_14,vwap,vwap_dist_pct,vol_z_20
2026-01-26T15:31:00-05:00,-0.001000940277230189,493.69741286259176,493.4867570387474,nan,nan,nan,nan,494.1212381450776,-0.016440933683106597,nan
