time,ret_1,ema_20,ema_50,rsi_14,atr_14,atrp_14,adx_14,vwap,vwap_dist_pct,vol_z_20
2026-01-26T15:30:00-05:00,0.03823529411764692,1.8174610790664067,1.830189595000249,nan,nan,nan,nan,1.7929117342938925,-1.5567823981521967,nan
