time,ret_1,ema_20,ema_50,rsi_14,atr_14,atrp_14,adx_14,vwap,vwap_dist_pct,vol_z_20
2026-01-26T15:30:00-05:00,0.0,2.8151130958808324,2.812247678967705,nan,nan,nan,nan,2.8226506340758264,0.2603710794191134,nan
