time,ret_1,ema_20,ema_50,rsi_14,atr_14,atrp_14,adx_14,vwap,vwap_dist_pct,vol_z_20
2026-01-26T15:30:00-05:00,-0.0011899095668730375,21.420875430695993,21.527678519760702,nan,nan,nan,nan,21.20017425101709,-1.0149645397691296,nan
