time,ret_1,ema_20,ema_50,rsi_14,atr_14,atrp_14,adx_14,vwap,vwap_dist_pct,vol_z_20
2026-01-26T15:30:00-05:00,0.013480055020632875,18.51662809030387,18.576272481695188,nan,nan,nan,nan,18.35616350929802,0.3477659733726236,nan
