time,ret_1,ema_20,ema_50,rsi_14,atr_14,atrp_14,adx_14,vwap,vwap_dist_pct,vol_z_20
2026-01-26T15:51:00-05:00,0.0062678062678063196,9.141007304912389,9.194192496725407,nan,nan,nan,nan,9.037741846323936,-2.2986034548932586,nan
