time,ret_1,ema_20,ema_50,rsi_14,atr_14,atrp_14,adx_14,vwap,vwap_dist_pct,vol_z_20
2026-01-26T16:17:00-05:00,-0.004405286343612258,12.799030944015094,12.912678452555319,nan,nan,nan,nan,12.694146301060181,-2.0808512427347767,nan
