time,ret_1,ema_20,ema_50,rsi_14,atr_14,atrp_14,adx_14,vwap,vwap_dist_pct,vol_z_20
2026-01-26T15:34:00-05:00,0.006765899864682012,36.82336269352791,36.77644253289741,nan,nan,nan,nan,37.11437754841998,0.23069887530329122,nan
