time,ret_1,ema_20,ema_50,rsi_14,atr_14,atrp_14,adx_14,vwap,vwap_dist_pct,vol_z_20
2026-01-27T16:01:00-05:00,5.3033517182887735e-05,nan,nan,nan,nan,nan,nan,188.9855910905258,-0.21990623101351797,nan
