time,ret_1,ema_20,ema_50,rsi_14,atr_14,atrp_14,adx_14,vwap,vwap_dist_pct,vol_z_20
2026-01-26T15:30:00-05:00,-0.010989010989011061,5.953846026509698,5.971004681723496,nan,nan,nan,nan,5.920851656269464,-1.1966463674941332,nan
