time,ret_1,ema_20,ema_50,rsi_14,atr_14,atrp_14,adx_14,vwap,vwap_dist_pct,vol_z_20
2026-01-26T15:31:00-05:00,0.013635410111181079,24.315268473900083,24.39981258710603,nan,nan,nan,nan,24.07481745103137,0.35382427776198644,nan
