time,ret_1,ema_20,ema_50,rsi_14,atr_14,atrp_14,adx_14,vwap,vwap_dist_pct,vol_z_20
2026-01-28T12:45:00-05:00,-0.004796163069544224,nan,nan,nan,nan,nan,nan,4.165221799746515,-0.3654499202765404,nan
