time,ret_1,ema_20,ema_50,rsi_14,atr_14,atrp_14,adx_14,vwap,vwap_dist_pct,vol_z_20
2026-01-26T15:37:00-05:00,-0.00021196320318783712,118.27964643544975,118.352565252426,nan,nan,nan,nan,118.1985708200213,-0.23568036236705034,nan
