time,ret_1,ema_20,ema_50,rsi_14,atr_14,atrp_14,adx_14,vwap,vwap_dist_pct,vol_z_20
2026-01-29T12:40:00-05:00,-0.0037952264485113796,nan,nan,nan,nan,nan,nan,118.17587780754174,-0.04728359846223004,nan
