time,ret_1,ema_20,ema_50,rsi_14,atr_14,atrp_14,adx_14,vwap,vwap_dist_pct,vol_z_20
2026-01-26T15:30:00-05:00,0.014445479962721386,22.11108707638766,22.228479394426962,nan,nan,nan,nan,21.87764588621992,-0.4920359657513393,nan
