time,ret_1,ema_20,ema_50,rsi_14,atr_14,atrp_14,adx_14,vwap,vwap_dist_pct,vol_z_20
2026-01-26T15:30:00-05:00,-0.005055611729019249,9.983487655341206,10.009260041532215,nan,nan,nan,nan,9.922932972368132,-0.8357707605107413,nan
