time,ret_1,ema_20,ema_50,rsi_14,atr_14,atrp_14,adx_14,vwap,vwap_dist_pct,vol_z_20
2026-01-27T16:00:00-05:00,-0.00010064267536979976,nan,nan,nan,nan,nan,nan,695.7820045552924,-0.04627951760524942,nan
