time,ret_1,ema_20,ema_50,rsi_14,atr_14,atrp_14,adx_14,vwap,vwap_dist_pct,vol_z_20
2026-01-27T16:00:00-05:00,-0.0033919697089216383,nan,nan,nan,nan,nan,nan,63.26131870253366,-0.1443515633353342,nan
