time,ret_1,ema_20,ema_50,rsi_14,atr_14,atrp_14,adx_14,vwap,vwap_dist_pct,vol_z_20
2026-01-26T15:30:00-05:00,-0.002008520998174168,82.60972921166622,82.72279097810176,nan,nan,nan,nan,82.29100177390946,-0.37185326136894364,nan
