time,ret_1,ema_20,ema_50,rsi_14,atr_14,atrp_14,adx_14,vwap,vwap_dist_pct,vol_z_20
2026-01-26T15:30:00-05:00,-0.0003047232097511676,49.15557427483515,49.14657748976654,nan,nan,nan,nan,49.167851656025924,0.08572337931082093,nan
