time,ret_1,ema_20,ema_50,rsi_14,atr_14,atrp_14,adx_14,vwap,vwap_dist_pct,vol_z_20
2026-01-26T15:30:00-05:00,-0.0010427528675704956,158.12714899779598,158.14384912942185,nan,nan,nan,nan,158.10462051184876,-0.021897217005227964,nan
