time,ret_1,ema_20,ema_50,rsi_14,atr_14,atrp_14,adx_14,vwap,vwap_dist_pct,vol_z_20
2026-01-29T13:16:00-05:00,0.0005119384035712216,nan,nan,nan,nan,nan,nan,488.83054450957405,-0.0492081585890686,nan
