time,ret_1,ema_20,ema_50,rsi_14,atr_14,atrp_14,adx_14,vwap,vwap_dist_pct,vol_z_20
2026-01-26T15:00:00-05:00,-0.00618840247536101,nan,nan,nan,nan,nan,nan,43.72713937817991,-0.839614444029052,nan
