time,ret_1,ema_20,ema_50,rsi_14,atr_14,atrp_14,adx_14,vwap,vwap_dist_pct,vol_z_20
2026-01-26T16:17:00-05:00,-0.004405286343612258,12.863155372504256,12.945619031866165,nan,nan,nan,nan,12.692297343886883,-2.0665868186047227,nan
