time,ret_1,ema_20,ema_50,rsi_14,atr_14,atrp_14,adx_14,vwap,vwap_dist_pct,vol_z_20
2026-01-29T13:18:00-05:00,-0.012583892617449521,nan,nan,nan,nan,nan,nan,35.60690578670492,-0.8338432676050691,nan
