time,ret_1,ema_20,ema_50,rsi_14,atr_14,atrp_14,adx_14,vwap,vwap_dist_pct,vol_z_20
2026-01-26T15:06:00-05:00,-0.0014064697609001975,nan,nan,nan,nan,nan,nan,7.092521902745304,0.10543636462794959,nan
