time,ret_1,ema_20,ema_50,rsi_14,atr_14,atrp_14,adx_14,vwap,vwap_dist_pct,vol_z_20
2026-01-26T15:00:00-05:00,-0.011824324324324342,nan,nan,nan,nan,nan,nan,5.911318069901419,-1.0372994512616764,nan
