time,ret_1,ema_20,ema_50,rsi_14,atr_14,atrp_14,adx_14,vwap,vwap_dist_pct,vol_z_20
2026-01-29T13:16:00-05:00,-0.011144449207029505,nan,nan,nan,nan,nan,nan,23.24306966522611,-0.7446076087146003,nan
