time,ret_1,ema_20,ema_50,rsi_14,atr_14,atrp_14,adx_14,vwap,vwap_dist_pct,vol_z_20
2026-01-28T12:33:00-05:00,0.004200108121595214,nan,nan,nan,nan,nan,nan,120.43636768802229,0.2521101539397431,nan
