time,ret_1,ema_20,ema_50,rsi_14,atr_14,atrp_14,adx_14,vwap,vwap_dist_pct,vol_z_20
2026-01-29T13:16:00-05:00,-0.01019393336648422,nan,nan,nan,nan,nan,nan,20.081617037629236,-0.8794960948527571,nan
