time,ret_1,ema_20,ema_50,rsi_14,atr_14,atrp_14,adx_14,vwap,vwap_dist_pct,vol_z_20
2026-01-29T13:16:00-05:00,-0.008161044613710478,nan,nan,nan,nan,nan,nan,9.164882216621253,-0.544275588515336,nan
