time,ret_1,ema_20,ema_50,rsi_14,atr_14,atrp_14,adx_14,vwap,vwap_dist_pct,vol_z_20
2026-01-26T16:00:00-05:00,0.001724607424888891,55.327291252101745,55.35190666618775,nan,nan,nan,nan,55.31285576465197,-0.24018966805339592,nan
