time,ret_1,ema_20,ema_50,rsi_14,atr_14,atrp_14,adx_14,vwap,vwap_dist_pct,vol_z_20
2026-01-26T16:01:00-05:00,0.005390835579514919,15.031774877751554,15.074893415583665,nan,nan,nan,nan,14.926832198127057,-0.04577125297834073,nan
