time,ret_1,ema_20,ema_50,rsi_14,atr_14,atrp_14,adx_14,vwap,vwap_dist_pct,vol_z_20
2026-01-29T13:16:00-05:00,-0.0008846078238646804,nan,nan,nan,nan,nan,nan,50.87820491473082,-0.10457309730166114,nan
